{
  "ru": {
    "product_img" : "Пропорции фотографий в превью товара (Ш:В)",
    "product_img_auto" : "Авто",
    "s_subheading_mask": "Маска для поля телефон",
    "s_use_mask": "Использовать маску?",
    "s_mask_code": "Введите код страны",

    "t_errorMessages_from": "Поле e-mail имеет неверное значение",
    "t_errorMessages_phone": "Укажите номер в правильном формате!",
    "t_errorMessages_name": "Не заполнено поле имя",
    "t_errorMessages_subject": "Не заполнено поле тема сообщения",
    "t_errorMessages_agree": "Необходимо принять условия передачи информации",
    "t_errorMessages_content": "Не заполнено поле текст сообщения",
    "t_errorMessages_success": "Сообщение успешно отправлено!",
    "t_errorMessages_fail": "Сообщение не отправлено, попробуйте ещё раз!",
    "t_errorMessages_error": "Неверно заполнены поля!",

    "s_blocks": "Блоки магазина",
    "no_js_message":"Включите в вашем браузере JavaScript!",
    "cart_title": "Корзина",
    "cart_is_empty": "Ваша корзина пуста",
    "cart_order_sum": "Сумма заказа",

    "cart_description": "Корзина",
    "compare_description": "Сравнение",
    "search_description": "Поиск",


    "search_title" : "Поиск",
    "search_is_fail": "Ничего не найдено",
    "search_is_empty": "Введите ключевые слова для поиска",

    "comparison_title" : "Сравнение",
    "comparison_is_empty": "Список сравнения пуст",

    "created_by": "Интернет-магазин создан на InSales",
    "insales_domain": "https://insales.ru",

    "breadcrumb_home": "Главная",

    "reviews": "Отзывы",
    "reviews_are_empty": "Оставьте первый отзыв!",
    "reviews_are_moderated": "Перед публикацией отзывы проходят модерацию",

    "review" : "Отзыв",
    "review_is_added": "Отзыв успешно отправлен",
    "review_is_added_moderated": "Отзыв успешно отправлен.<br/> Он будет проверен администратором перед публикацией.",

    "comments": "Комментарии",
    "comments_are_empty": "Оставьте первый комментарий!",
    "comments_are_moderated": "Перед публикацией комментарии проходят модерацию",

    "comment" : "Комментарий",
    "comment_add": "Добавить комментарий",
    "comment_is_added": "Комментарий успешно отправлен",
    "comment_is_added_moderated": "Комментарий успешно отправлен.<br/> Он будет проверен владельцем блога перед публикацией.",

    "fields_are_required": "Все поля обязательны для заполнения",
    "fields_are_incorrect": "Следующие поля заполнены неправильно",

    "field_name": "Имя",
    "field_email": "E-mail",
    "field_comment": "Комментарий",
    "field_phone": "Телефон",
    "field_review": "Отзыв",
    "field_message": "Сообщение",
    "field_captcha": "Капча",
    "field_rating": "Оценка",
    "field_photo": "Фотография",

    "text_quan": "Количество",
    "button_submit": "Отправить",
    "button_checkout": "Оформить заказ",
    "button_more": "Подробнее",
    "button_close": "Закрыть",
    "button_apply": "Применить",
    "coupon_checkout": "Применить купон",
    "button_to_cart": "В корзину",
    "button_fast": "В 1 клик",
    "button_preorder": "Предзаказ",
    "button_add_comparison": "Добавить в сравнение",
    "button_remove_comparison": "Удалить из сравнения",
    "button_review": "Оставить отзыв",
    "button_remove": "Удалить",
    "button_reset_filters": "Сбросить фильтры",

    "label_sort": "Сортировка",
    "label_limit": "Показывать по",
    "label_product": "Товар",
    "label_product_1": "товар",
    "label_product_2": "товара",
    "label_product_3": "товаров",
    "label_photo": "Фото",
    "label_description": "Описание",
    "label_characteristics": "Характеристики",
    "label_reviews": "Отзывы",
    "label_article": "Артикул",
    "label_title": "Наименование",
    "label_price": "Цена",
    "label_amount": "Кол-во",
    "label_total": "Сумма",
    "label_remove": "Удалить",
    "label_preorder": "Заказ товара по почте",
    "label_filter": "Фильтр",
    "label_catalog": "Каталог",
    "label_from": "От",
    "label_to": "До",
    "label_find": "Найдено товаров",
    "label_new_review": "Написать отзыв",

    "discount_placeholder": "Есть промо-код?",
    "subtotal": "Итого",

    "show_the_same": "Показать одинаковые",
    "hide_the_same": "Скрыть одинаковые",

    "related_products": "Сопутствующие товары",
    "similar_products": "Похожие товары",

    "product_not_available": "Товар отсутствует",
    "product_not_available_extended": "Товар отсутствует на складе, свяжитесь с менеджером чтобы уточнить время доставки",

    "collection_frontpage": "Товары на главной",
    "collection_popular": "Популярные товары",

    "collection_filters_is_empty": "По выбранным параметрам ничего не найдено. Попробуйте выбрать другие значения.",
    "collection_is_empty": "В данном разделе пока нет товаров. Мы работаем над этим.",

    "main_menu": "Главное меню",
    "footer_menu": "Меню в футере",

    "page_about": "О компании",
    "page_delivery": "Доставка",
    "page_payment": "Оплата",
    "page_blog": "Блог",
    "page_contacts": "Контакты",

    "option_label": "Метка",
    "option_label_new": "Новинка",
    "option_label_sale": "Распродажа",

    "block_template_benefit": "Преимущество",
    "block_template_slide": "Слайд",
    "block_template_social": "Соц.сеть",

    "block_list_benefits": "Преимущества компании",
    "block_benefit1": "Быстрая доставка до двери",
    "block_benefit2": "Выгодные акции и бонусы",
    "block_benefit3": "Гарантии качества продукции",

    "block_list_slider": "Слайдер",
    "block_slide1": "Быстрая доставка до двери",
    "block_slide2": "Выгодные акции и бонусы",
    "block_slide3": "Гарантии качества продукции",

    "block_list_contacts": "Контакты",
    "block_email": "E-mail",
    "block_phone": "Телефон",

    "block_list_social": "Соц.сети",

    "site_name": "Название сайта",

    "link": "Ссылка",
    "title_page":" – страница №",
    "title_product": "– купить в интернет-магазине, цена, заказ online",
    "title_collection": "– купить в интернет-магазине по лучшей цене",

    "image": "Изображение",

    "show": "Показать",
    "hide": "Скрыть",
    "preorder": "Предзаказ",

    "select": "выберите",

    "sort_by_price": "по возрастанию цены",
    "sort_by_price_desc": "по убыванию цены",
    "sort_by_createdon": "сначала новые",
    "sort_by_createdon_desc": "сначала старые",
    "sort_by_title": "по названию",
    "sort_by_title_desc": "по убыванию алфавита",

    "after_products": "Показывать после товаров",
    "before_products": "Показывать до товаров",

    "from_settings": "Из настроек магазина",
    "edited_block": "Редактируемый блок",

    "snippet_promo_slider": "Промо слайдер",
    "snippet_benefits": "Преимущества компании",
    "snippet_title_collections": "Подборки товаров",
    "snippet_title_categories": "Спец.категории",
    "snippet_news_feed": "Новостная лента",
    "snippet_title_content": "Контент страницы",

    "s_heading_colors": "Цвета",

    "s_autoplay_slides": "Автоплей слайдов",
    "s_autoplay_sec": "сек",
    "s_autoplay_off": "выкл",

    "s_subheading_primary_colors": "Основные цвета",
    "s_color_background_primary": "Цвет фона",
    "s_color_text_primary": "Цвет текста",
    "s_color_link_primary": "Цвет ссылок",
    "s_color_link_primary_hover": "Ссылки при наведении",
    "s_color_border_primary": "Цвет границ",

    "s_subheading_adjective_colors": "Дополнительные цвета",
    "s_color_background_secondary": "Цвет фона",
    "s_color_text_secondary": "Цвет текста",
    "s_color_link_secondary": "Цвет ссылок",
    "s_color_link_secondary_hover": "Ссылки при наведении",
    "s_color_border_secondary": "Цвет границ",

    "s_subheading_background_substrate": "Фоновая подложка",
    "s_body_background_color": "Цвет фона",
    "s_body_background_use": "Использовать изображение",
    "s_body_background_image": "Изображение",

    "s_subheading_fonts": "Шрифты",
    "s_font_family_primary": "Шрифт",
    "s_font_size_primary": "Размер шрифта",

    "s_heading_header_and_logotype": "Шапка и логотип",

    "s_subheading_logotype": "Логотип",
    "s_logotype_type" : "Использовать",
    "s_logotype_image" : "Загрузить логотип",
    "s_logotype_font_family" : "Шрифт логотипа",
    "s_logotype_font_size" : "Размер шрифта логотипа",

    "s_subheading_contacts": "Контакты",
    "s_phone" : "Телефон",
    "s_email" : "E-mail",

    "s_subheading_favicon": "Иконка (favicon)",
    "s_favicon": "Изображение (.png)",

    "s_heading_footer": "Футер сайта",
    "s_social_media_hide": "Скрыть соц.ссылки",

    "s_heading_frontpage": "Главная страница",

    "s_subheading_sections": "Порядок секций",
    "s_title_section_1": "Первая секция",
    "s_title_section_2": "Вторая секция",
    "s_title_section_3": "Третья секция",
    "s_title_section_4": "Четвертая секция",
    "s_title_section_5": "Пятая секция",
    "s_title_section_6": "Шестая секция",

    "s_subheading_slider": "Слайдер",
    "s_promo_slider_auto": "Автоматически листать",
    "s_promo_slider_auto_time": "Задержка между листанием",

    "s_subheading_special_products": "Подборки товаров",
    "s_products_set_1_name": "Название первой вкладки",
    "s_products_set_1_handle": "Пермалинк первой категории",
    "s_products_set_2_name": "Название второй вкладки",
    "s_products_set_2_handle": "Пермалинк второй категории",
    "s_products_set_3_name": "Название третьей вкладки",
    "s_products_set_3_handle": "Пермалинк третьей категории",
    "s_products_set_4_name": "Название четвертой вкладки",
    "s_products_set_4_handle": "Пермалинк четвертой категории",

    "s_subheading_special_categories": "Спец.категории",
    "s_special_category_1_name": "Название категории 1",
    "s_special_category_1_handle": "Пермалинк категории 1",
    "s_special_category_2_name": "Название категории 2",
    "s_special_category_2_handle": "Пермалинк категории 2",
    "s_special_category_3_name": "Название категории 3",
    "s_special_category_3_handle": "Пермалинк категории 3",
    "s_special_category_4_name": "Название категории 4",
    "s_special_category_4_handle": "Пермалинк категории 4",

    "s_heading_collection": "Страница каталога товаров",

    "s_cards_background_hide": "Отключить фон карточек",
    "s_cards_crop_off": "Отключить обрезание фото",
    "s_cards_introtext_hide": "Скрыть описание карточки",
    "s_category_description_position": "Описание категории",

    "s_heading_product": "Страница товара",

    "s_subheading_buy_button": "Кнопка \"купить\"",
    "s_product_not_available": "Если нулевой остаток",

    "s_subheading_adjective_settings": "Доп.настройки",
    "s_product_share_hide": "Скрыть блок \"Поделиться\"",
    "s_product_compare_hide": "Скрыть сравнение товаров",
    "s_product_not_available_hide": "Скрыть уведомление об отсутствии",

    "s_heading_blog": "Блог и статьи",
    "s_article_author_hide": "Скрыть автора статьи",
    "s_article_image_hide": "Скрыть фото статьи",
    "art_prod_title": "Товары к статье",

    "product_added_to_cart": "Товар добавлен в корзину",
    "product_removed_from_cart": "Товар удален из корзины",
    "product_added_to_comparison": "Товар добавлен в сравнение",
    "product_removed_from_comparison": "Товар удален из сравнения",
    "maximum_number_of_comparable": "Достигнуто максимальное количество сравниваемых товаров",
    "comparison_is_empty": "Список сравнения пуст",
    "image_not_uploaded": "Изображение не загружено",

    "page_404": "<h2>Здравствуйте!</h2><p>Добро пожаловать на «страницу 404» нашего сайта.</p><p>К сожалению, введенный Вами адрес недоступен. Этому может быть несколько объяснений:</p><ul><li>Страница удалена (из-за утраты актуальности информации)</li><li>Страница перенесена в другое место</li><li>Возможно, при вводе адреса была пропущена какая-то буква (на самом деле, у нас самих так часто получается)</li></ul>",

    "s_instagram_label": "Instagram",
    "s_instagram_block_title": "Текст блока",
    "s_instagram_link": "Ссылка на инстаграм",
    "s_instagram_token": "Токен",
    "s_instagram_token_help": "Примечание: instagram аккаунт должен быть открытым.",
    "s_header": "Шапка",
    "s_header_menu": "Меню: название в шаблоне",
    "s_header_help": "Чтобы поменять меню, требуется ввести его пермалинк (Бэк офис - Контент - Меню и страницы - необходимое меню - название в шаблоне)",
    "s_show_search": "Показывать поиск",
    "s_show_basket": "Показывать корзину",
    "s_show_cabinet": "Показывать личный кабинет",
    "s_footer_name": "Подвал",
    "s_footer_menu": "Меню: название в шаблоне",
    "s_footer_change": "Чтобы поменять меню, требуется ввести его пермалинк (Бэк офис - Контент - Меню и страницы - необходимое меню - название в шаблоне)",
    "s_logos-payment": "Лого вариантов оплаты",
    "s_on": "Включить",
    "s_on_index": "Включить на главной странице",
    "s_on_another": "Включить на остальных страницах",
    "s_collection_title": "Каталог",
    "s_product_title": "Карточка товара",
    "s_product_zoom": "Фотогалерея, вариант вывода:",
    "s_product_superzoom_circle": "Круглая лупа",
    "s_product_superzoom_square": "Квадратная лупа",
    "s_product_popup": "Всплывающее окно",
    "s_product_variants": "Свойства товара, вариант вывода:",
    "s_product_button": "Кнопками",
    "s_product_select": "Выпадающими списками",
    "s_product_description": "У товара могут быть свойства (варианты), которые <a target=\"_blank\" href=\"https://www.insales.ru/collection/doc-products/product/kak-nastroit-vybor-razmera-ili-vesa-pokupatelem-na-stranitse-tovara-v-magazine\">настраиваются</a> в бэк офисе у каждого товара индивидуально.",
    "s_blog_article": "Блог, статья",
    "s_blog": "Блог",
    "s_blog_show": "Выводить статьи с ...",
    "s_same_height": "... одинаковой высотой",
    "s_dif_height": "... разной высотой",
    "s_article_descrition": "Обращаем ваше внимание, что очередность вывода статей с разными высотами идёт не слева-направо, а сверху-вниз. Если такой вариант вам не подходит, то предлагаем остановиться на варианте с одинаковыми высотами.",
    "s_articles_by": "Количество статей на странице",
    "s_another_settings": "Остальные настройки",
    "s_logo_image": "Логотип - картинка",
    "s_for_header": "для шапки",
    "s_for_footer": "для подвала",
    "s_use_same_logo": "Использовать один логотип для шапки и подвала (загружать в лого для шапки)",
    "s_logo_text": "Логотип - текст",
    "s_exterior": "Внешний вид",
    "s_help": "Совет: если настраиваете светлый (темный) фон, то делайте темными (светлыми) текст, ссылку и фон кнопки, однако цвет текста кнопки настраивайте светлым (темным). <br><br> Главное, чтобы светлые и темные цвета контрастировали друг относительно друга.",
    "s_main_colors": "Основные цвета",
    "s_more_colors": "Дополнительные цвета",
    "s_color_bg": "Цвет фона кнопки",
    "s_color_button": "Цвет текста кнопки",
    "s_color_spec": "Спец. цвет",
    "s_color_spec_2": "Спец. цвет 2",
    "s_color_bg_content": "Фон контента",
    "s_default": "По умолчанию",
    "s_default_small": "по умолчанию",
    "s_to_tile": "Замостить",
    "s_to_stretch": "Растянуть",
    "s2_slider": "Слайдер",
    "s2_image": "Изображение",
    "s2_text": "Текст ссылки",
    "s2_link": "Ссылка",
    "s2_content": "Контент",
    "s2_heading": "Заголовок",
    "s2_about": "О нас (картинка слева)",
    "s2_reviews": "Отзывы покупателей",
    "s2_about_2": "О нас (картинка на фоне)",
    "s2_index_products": "Товары на главной",
    "s2_shops": "Магазины",
    "s2_slider_title": "Бесплатный шаблон для InSales",
    "s2_slider_description": "Большая коллекция футболок",
    "s2_button_text": "Подробнее",
    "s2_slider_title_2": "Слайд без ссылки",
    "s2_button_description_2": "Достаточно просто не указывать ссылку",
    "s2_about_title": "Мы создаем универсальную моду",
    "s2_about_description": "В нашей одежде приятно ходить в любую погоду. Она будет защищать вас от погодных условий. А также она поднимает настроение мягкостью материалов и приятным цветом. Никто не останется равнодушным к нашей одежде.",
    "s2_about_button_text": "смотреть",
    "s2_review_1": "Отзыв 1",
    "s2_review_name": "Ирина, 29 лет",
    "s2_review_description": "Это прекрасный магазин. Тут вся одежда садится идеально. Советую всем своим подругам и друзьям. Заказываю у вас уже не первый год. Спасибо",
    "s2_review_2": "Отзыв 2",
    "s2_review_name_2": "Дмитрий, 18 лет",
    "s2_review_description_2": "Всё нравится, начиная с доставки и заканчивая оплатой и клиентским сервисом. Буду постоянным покупателем",
    "s2_review_3": "Отзыв 3",
    "s2_review_name_3": "Андрей, 27 лет",
    "s2_review_description_3": "Я делал этот шаблон. Шаблон красивый и стильный: имиджевый одним словом. Googlepagespeed и W3C смотрели, но особых результатов в этих двух вещах ожидать не стоит",
    "s2_index_products": "Товары на главной",
    "s2_shop_1": "Магазин 1",
    "s2_shop_1_a": "м. Проспект мира",
    "s2_shop_2": "Магазин 2",
    "s2_shop_2_a": "м. Лубянка",
    "s2_shop_3": "Магазин 3",
    "s2_shop_3_a": "м. Охотный ряд",
    "t_backcall": "Обратный звонок",
    "t_feedback": "Обратная связь",
    "t_search": "Поиск",
    "t_basket": "Корзина",
    "t_account": "Аккаунт",

    "js_label_article": "арт.",
    "js_available": "Есть в наличии",
    "js_notAvailable": "Нет в наличии",
    "js_quantityEnds": "Заканчивается",
    "js_quantityAlot": "Много",
    "js_quantityNotAvailable": "Нет в наличии",
    "collection_filter_on": "Включить фильтрацию товаров",
    "collection_sort_on": "Включить сортировку товаров",
    "collection_page_size_on": "Включить выбор количества товаров",
    "collection_count": "Количество товаров в категории",
    "s_pers": "Cогласиться на обработку персональных данных",
    "we_in": "Мы в",
    "prod_economy" : "Экономия",
    "successReviewSend": "Форма успешно отправлена! Ваш отзыв скоро опубликуют",

    "feedback_sent": "Отправлено со страницы",

    "error_from": "Поле e-mail имеет неверное значение",
    "error_phone": "Укажите номер в международном формате",
    "error_name": "Не заполнено поле имя",
    "error_subject": "Не заполнено поле тема сообщения",
    "error_agree": "Необходимо принять условия передачи информации",
    "error_content": "Не заполнено поле текст сообщения",

    "success_success": "Сообщение успешно отправлено!",
    "success_fail": "Сообщение не отправлено, попробуйте ещё раз!",
    "success_error": "Неверно заполнены поля!",

    "feedback_name": "не заполнено",
    "feedback_phone": "не заполнено",
    "feedback_subject": "Заказ обратного звонка.",
    "feedback_content": "Заказ обратного звонка.",
    "header_logo_width": "Логотип с новой строки",

    "collection_description_on": "Включить полное описание",
    "collection_description_place": "Расположение полного описания",
    "collection_before": "до товаров",
    "collection_after": "после товаров",
    "collection_short_description_on": "Включить дополнительное описание",
    "collection_short_description_place": "Расположение дополнительного описания",
    "collection_collection_image_on": "Включить изображение категории"

  }, 
  "en" : {
    "product_img" : "Proportions of photos in product preview (W:H)",
    "product_img_auto" : "Auto",
    "s_subheading_mask": "Field mask phone",
    "s_use_mask": "Use a mask?",
    "s_mask_code": "Enter country code",

    "t_errorMessages_from": "Email field is invalid",
    "t_errorMessages_phone": "Specify the number in the correct format!",
    "t_errorMessages_name": "Not filled field name",
    "t_errorMessages_subject": " Not filled field subject of the message",
    "t_errorMessages_agree": "You must accept the terms of communication",
    "t_errorMessages_content": "Not filled field text message",
    "t_errorMessages_success": "Message sent successfully!",
    "t_errorMessages_fail": "Message not sent, try again!",
    "t_errorMessages_error": "Invalid fields!",

    "s_blocks": "Store blocks",
    "no_js_message":"Include in your brouser JavaScript!",

    "cart_title": "Cart",
    "cart_is_empty": "Cart is empty",
    "cart_order_sum": "Order sum",

    "cart_description": "Cart",
    "compare_description": "Compare",
    "search_description": "Search",


    "search_title" : "Search",
    "search_is_fail": "Nothing found",
    "search_is_empty": "Enter search keywords",

    "comparison_title" : "Comparison",

    "created_by": "Powered by InSales",
    "insales_domain": "https://insales.com",

    "breadcrumb_home": "Home",

    "reviews": "Reviews",
    "reviews_are_empty": "Be the first to review!",
    "reviews_are_moderated": "Before publishing review are moderated",

    "review" : "Review",
    "review_is_added": "Reviews submitted successfully",
    "review_is_added_moderated": "Comments submitted successfully.<br/> It will be checked before publishing the blog owner.",

    "comments": "Comments",
    "comments_are_empty": "Be the first to comment!",
    "comments_are_moderated": "Before publishing comments are moderated",

    "comment" : "Comment",
    "comment_add": "Add a comment",
    "comment_is_added": "Comments submitted successfully",
    "comment_is_added_moderated": "Comments submitted successfully.<br/> It will be checked before publishing the blog owner.",

    "fields_are_required": "All fields are required",
    "fields_are_incorrect": "The following fields are filled in correctly",

    "field_name": "Name",
    "field_email": "E-mail",
    "field_comment": "Comment",
    "field_phone": "Phone",
    "field_review": "Review",
    "field_message": "Message",
    "field_captcha": "Captcha",
    "field_rating": "Rating",
    "field_photo": "Photo",

    "text_quan": "Quantity",
    "button_submit": "Submit",
    "button_checkout": "Checkout",
    "button_more": "More",
    "button_close": "Close",
    "button_apply": "Apply",
    "coupon_checkout": "Submit coupon",
    "button_to_cart": "Add to cart",
    "button_fast": "Fast checkout",
    "button_preorder": "Preorder",
    "button_add_comparison": "Add to comparison",
    "button_remove_comparison": "Remove from comparison",
    "button_review": "Leave a review",
    "button_remove": "Remove",
    "button_reset_filters": "Reset filters",

    "label_sort": "Sort by",
    "label_limit": "Limit by",
    "label_product": "Product",
    "label_product_1": "profuct",
    "label_product_2": "profucts",
    "label_product_3": "profucts",
    "label_photo": "Photo",
    "label_description": "Description",
    "label_characteristics": "Characteristics",
    "label_reviews": "Reviews",
    "label_article": "Article",
    "label_title": "Title",
    "label_price": "Price",
    "label_amount": "Amount",
    "label_total": "Total",
    "label_remove": "Remove",
    "label_preorder": "Order by mail",
    "label_filter": "Filter",
    "label_catalog": "Catalog",
    "label_from": "From",
    "label_to": "To",
    "label_find": "Results",
    "label_new_review": "New review",

    "discount_placeholder": "Have a promo code?",
    "subtotal": "Subtotal",

    "show_the_same": "Show the same",
    "hide_the_same": "Hide the same",

    "related_products": "Related products",
    "similar_products": "Similar products",

    "product_not_available": "Product not available",
    "product_not_available_extended": "This product is not in stock, please contact the manager to specify the time of delivery",

    "collection_frontpage": "Frontpage",
    "collection_popular": "Popular",

    "collection_filters_is_empty": "According to the selected parameters found nothing. Try to select other values.",
    "collection_is_empty": "This section is empty. We are working on it.",

    "main_menu": "Main menu",
    "footer_menu": "Footer menu",

    "page_about": "About",
    "page_delivery": "Delivery",
    "page_payment": "Payment",
    "page_blog": "Blog",
    "page_contacts": "Contacts",

    "option_label": "Label",
    "option_label_new": "New",
    "option_label_sale": "Sale",

    "block_template_benefit": "Benefit",
    "block_template_slide": "Slide",
    "block_template_social": "Social group",

    "block_list_benefits": "Benefits",
    "block_benefit1": "Fast delivery to the door",
    "block_benefit2": "Advantageous promotions and bonuses",
    "block_benefit3": "Product Quality Assurance",

    "block_list_slider": "Slider",
    "block_slide1": "Fast delivery to the door",
    "block_slide2": "Advantageous promotions and bonuses",
    "block_slide3": "Product Quality Assurance",

    "block_list_contacts": "Contacts",
    "block_email": "E-mail",
    "block_phone": "Phone",

    "block_list_social": "Social groups",

    "site_name": "Site name",

    "link": "Link",

    "title_page":" – page №",
    "title_product": "– buy in online shop, price, order online",
    "title_collection": "– buy in online shop at the best price",

    "image": "Image",

    "show": "Show",
    "hide": "Hide",
    "preorder": "Preorder",

    "select": "select",

    "sort_by_price": "ascending price",
    "sort_by_price_desc": "descending price",
    "sort_by_createdon": "newest first",
    "sort_by_createdon_desc": "oldest first",
    "sort_by_title": "by pagetitle",
    "sort_by_title_desc": "descending alphabet",

    "after_products": "Show after the goods",
    "before_products": "Show before the goods",

    "from_settings": "From store settings",
    "edited_block": "Editable block",

    "snippet_promo_slider": "Promo slider",
    "snippet_benefits": "Benefits",
    "snippet_title_collections": "Selections of goods",
    "snippet_title_categories": "Special categories",
    "snippet_news_feed": "News feed",
    "snippet_title_content": "Page description",

    "s_heading_colors": "Сolors",

    "s_autoplay_slides": "Slides autoplay",
    "s_autoplay_sec": "sec",
    "s_autoplay_off": "off",

    "s_subheading_primary_colors": "Primary colors",
    "s_color_background_primary": "Background color",
    "s_color_text_primary": "Text color",
    "s_color_link_primary": "Link color",
    "s_color_link_primary_hover": "Link color hover",
    "s_color_border_primary": "Border color",

    "s_subheading_adjective_colors": "Adjective colors",
    "s_color_background_secondary": "Background color",
    "s_color_text_secondary": "Text color",
    "s_color_link_secondary": "Link color",
    "s_color_link_secondary_hover": "Link color hover",
    "s_color_border_secondary": "Border color",

    "s_subheading_background_substrate": "Background substrate",
    "s_body_background_color": "Background color",
    "s_body_background_use": "Use background image",
    "s_body_background_image": "Image",

    "s_subheading_fonts": "Fonts",
    "s_font_family_primary": "Font",
    "s_font_size_primary": "Font size",

    "s_heading_header_and_logotype": "Header and logotype",

    "s_subheading_logotype": "Logotype",
    "s_logotype_type" : "Use logotype image",
    "s_logotype_image" : "Download logotype",
    "s_logotype_font_family" : "Logotype font",
    "s_logotype_font_size" : "Logotype font size",

    "s_subheading_contacts": "Contacts",
    "s_phone" : "Phone",
    "s_email" : "E-mail",

    "s_subheading_favicon": "Favicon",
    "s_favicon": "Image (.png)",

    "s_heading_footer": "Footer",
    "s_social_media_hide": "Hide social links",

    "s_heading_frontpage": "Frontpage",

    "s_subheading_sections": "The order of sections",
    "s_title_section_1": "First section",
    "s_title_section_2": "Second section",
    "s_title_section_3": "Third section",
    "s_title_section_4": "Fourth section",
    "s_title_section_5": "Fifth section",
    "s_title_section_6": "Sixth section",

    "s_subheading_slider": "Slider",
    "s_promo_slider_auto": "Autoplay",
    "s_promo_slider_auto_time": "Animation delay",

    "s_subheading_special_products": "Selections of goods",
    "s_products_set_1_name": "The name of the first tab",
    "s_products_set_1_handle": "The permalink of the first category",
    "s_products_set_2_name": "The name of the second tab",
    "s_products_set_2_handle": "The npermalinkof the second category",
    "s_products_set_3_name": "The name of the third tab",
    "s_products_set_3_handle": "The permalink of the third category",
    "s_products_set_4_name": "The name of the fourth tab",
    "s_products_set_4_handle": "The npermalink of the fourth category",

    "s_subheading_special_categories": "Special categories",
    "s_special_category_1_name": "The name of the first category",
    "s_special_category_1_handle": "The permalink of the first category",
    "s_special_category_2_name": "The name of the second category",
    "s_special_category_2_handle": "The permalink of the second category",
    "s_special_category_3_name": "The name of the third category",
    "s_special_category_3_handle": "The permalink of the third category",
    "s_special_category_4_name": "The name of the fourth category",
    "s_special_category_4_handle": "The permalink of the fourth category",

    "s_heading_collection": "Catalog page",

    "s_cards_background_hide": "Disable background cards",
    "s_cards_crop_off": "Disable circumcision photo",
    "s_cards_introtext_hide": "Hide description cards",
    "s_category_description_position": "Category description position",

    "s_heading_product": "Product page",

    "s_subheading_buy_button": "\"Buy\" button",
    "s_product_not_available": "If product not available",

    "s_subheading_adjective_settings": "Additional settings",
    "s_product_share_hide": "Hide unit \"Share\"",
    "s_product_compare_hide": "Hide compare products",
    "s_product_not_available_hide": "Hide notification of absence",

    "s_heading_blog": "Blog and articles",
    "s_article_author_hide": "Hide article's author",
    "s_article_image_hide": "Hide article's photo",
    "art_prod_title": "Products to the article",

    "product_added_to_cart": "Product added to cart",
    "product_removed_from_cart": "Product is removed from the cart",
    "product_added_to_comparison": "Product added to comparison",
    "product_removed_from_comparison": "Product removed from comparison",
    "maximum_number_of_comparable": "Has reached the maximum number of comparable goods",
    "comparison_is_empty": "Comparison list is empty",
    "image_not_uploaded": "Image not uploaded",

    "page_404": "<h2>Hello!</h2><p>Welcome to 404 page.</p><p>Unfortunately, page doesn't exist. There could be several reasons for that:</p><ul><li>Page was deleted (due to outdated information)</li><li>Page was shifted to another place</li><li>Perhaps, you made a mistake while typing page address (actually it happens to us very often)</li></ul>",

    "s_instagram_label": "Instagram",
    "s_instagram_block_title": "Text",
    "s_instagram_link": "Instagram URL",
    "s_instagram_token": "Token",
    "s_instagram_token_help": "Note: instagram account must be public",
    
    "s_header": "Header",
    "s_header_menu": "Menu permalink",
    "s_header_help": "",
    "s_show_search": "Show search",
    "s_show_basket": "Show basket",
    "s_show_cabinet": "Show My Account",
    "s_footer_name": "Footer",
    "s_footer_menu": "Menu permalink",
    "s_footer_change": "",
    "s_logos-payment": "Payment variant logos",
    "s_on": "On",
    "s_on_index": "Show on Index page",
    "s_on_another": "Show on another pages",
    "s_collection_title": "Collection",
    "s_product_title": "Product page",
    "s_product_zoom": "Views of product photogallery:",
    "s_product_superzoom_circle": "Round magnifier",
    "s_product_superzoom_square": "Square magnifier",
    "s_product_popup": "Popup",
    "s_product_variants": "Views of product variants:",
    "s_product_button": "Buttons",
    "s_product_select": "Selects",
    "s_product_description": "",
    "s_blog_article": "Blog and Article pages",
    "s_blog": "Blog page",
    "s_blog_show": "Show articles with ...",
    "s_same_height": "... the same heights",
    "s_dif_height": "... the different heights",
    "s_article_descrition": "",
    "s_articles_by": "Show articles by ...",
    "s_another_settings": "Another settings",
    "s_logo_image": "Logo - image",
    "s_for_header": "for header",
    "s_for_footer": "for footer",
    "s_use_same_logo": "Show the same logo for header and footer",
    "s_logo_text": "Logo - text",
    "s_exterior": "Exterior",
    "s_help": "",
    "s_main_colors": "Main colors",
    "s_more_colors": "Additional colors",
    "s_color_bg": "Button background color",
    "s_color_button": "Button background text",
    "s_color_spec": "Special color",
    "s_color_spec_2": "Special color 2",
    "s_color_bg_content": "Content background",
    "s_default": "Default",
    "s_default_small": "default",
    "s_to_tile": "To tile",
    "s_to_stretch": "Stretch",
    "s2_slider": "Slider",
    "s2_image": "Image",
    "s2_text": "Link text",
    "s2_link": "Link",
    "s2_content": "Content",
    "s2_heading": "Title",
    "s2_about": "About us (leftside image)",
    "s2_reviews": "Buyer reviews",
    "s2_about_2": "About us (bg image)",
    "s2_index_products": "Mainpage products",
    "s2_shops": "Shops",
    "s2_slider_title": "Free InSales template",
    "s2_slider_description": "Big T-shirt collections",
    "s2_button_text": "See more",
    "s2_slider_title_2": "Slide 2",
    "s2_button_description_2": "Достаточно просто не указывать ссылку",
    "s2_about_title": "Lorem ipsum dolor sit amet",
    "s2_about_description": "Lorem ipsum dolor sit amet, consectetur adipiscing elit, sed do eiusmod tempor incididunt ut labore et dolore magna aliqua. Ut enim ad minim veniam, quis nostrud exercitation ullamco laboris nisi ut aliquip ex ea commodo consequat.",
    "s2_about_button_text": "see more",
    "s2_review_1": "Review 1",
    "s2_review_name": "Irina, 29 y.o",
    "s2_review_description": "Lorem ipsum dolor sit amet, consectetur adipiscing elit, sed do eiusmod tempor incididunt ut labore et dolore magna aliqua.",
    "s2_review_2": "Review 2",
    "s2_review_name_2": "John, 18 y.o",
    "s2_review_description_2": "Lorem consectetur adipiscing elit, sed do eiusmod tempor incididunt ut labore et dolore magna aliqua.",
    "s2_review_3": "Review 3",
    "s2_review_name_3": "Andrew, 27 лет",
    "s2_review_description_3": "Lorem consectetur adipiscing elit, sed do eiusmod tempor incididunt.",
    "s2_index_products": "Mainpage products",
    "s2_shop_1": "shop 1",
    "s2_shop_1_a": "Street 1",
    "s2_shop_2": "shop 2",
    "s2_shop_2_a": "Street 2",
    "s2_shop_3": "shop 3",
    "s2_shop_3_a": "Street 3",
    "t_backcall": "Backcall",
    "t_feedback": "Feedback",
    "t_search": "Search",
    "t_basket": "Cart",
    "t_account": "Account",

    "js_label_article": "sku",
    "js_available": "Available",
    "js_notAvailable": "Not available",
    "js_quantityEnds": "Ends",
    "js_quantityAlot": "Много",
    "js_quantityNotAvailable": "Not available",
    "collection_filter_on": "Products filter",
    "collection_sort_on": "Products sort",
    "collection_page_size_on": "Page size",
    "collection_count": "Show products by",
    "s_pers": "Agree to the processing of personal data",
    "we_in": "We in",
    "prod_economy" : "Economy",
    "successReviewSend": "Thanks for review! It will be publish soon",
    "feedback_sent": "Sent from page",

    "error_from": "Email field is invalid",
    "error_phone": "Enter the number in international format",
    "error_name": "Name field is required",
    "error_subject": "Subject field is required",
    "error_agree": "You must accept the terms of communication",
    "error_content": "Content field is required",

    "success_success": "Message successfully sent!",
    "success_fail": "Message not sent, try again!",
    "success_error": "Invalid fields!",

    "feedback_name": "not filled",
    "feedback_phone": "not filled",
    "feedback_subject": "Callback Order.",
    "feedback_content": "Callback Order.",
    "header_logo_width": "New line logo",

    "collection_description_on": "Include full description",
    "collection_description_place": "Location of the full description",
    "collection_before": "before goods",
    "collection_after": "after goods",
    "collection_short_description_on": "Include seo description",
    "collection_short_description_place": "The location of the seo description",
    "collection_collection_image_on": "Include collection image"

  },
  "ua": {
    "product_img" : "Пропорції фотографій в превью товару (Ш: В)",
    "product_img_auto" : "Авто",
    "s_subheading_mask": "Маска для поля телефон",
    "s_use_mask": "Використовувати маску?",
    "s_mask_code": "Введіть код країни",

    "t_errorMessages_from": "Поле e-mail має невірне значення",
    "t_errorMessages_phone": "Вкажіть номер в правильному форматі!",
    "t_errorMessages_name": "Не заповнене поле ім'я",
    "t_errorMessages_subject": "Не заповнене поле тема повідомлення",
    "t_errorMessages_agree": "Необхідно прийняти умови передачі інформації",
    "t_errorMessages_content": "Не заповнене поле текст повідомлення",
    "t_errorMessages_success": "Повідомлення успішно відправлено!",
    "t_errorMessages_fail": "Повідомлення не відправлено, спробуйте ще раз!",
    "t_errorMessages_error": "Невірно заповнені поля!",

    "s_blocks": "Блоки магазину",
    "no_js_message":"Увімкнить у вашому браузері JavaScript!",
    "cart_title": "Кошик",
    "cart_is_empty": "Ваш кошик пустий",
    "cart_order_sum": "Загальний заказ",

    "cart_description": "Кошик",
    "compare_description": "Порівняння",
    "search_description": "Пошук",


    "search_title" : "Пошук",
    "search_is_fail": "Нічого не знайдено",
    "search_is_empty": "Введіть ключові слова для пошуку",

    "comparison_title" : "Порівняння",
    "comparison_is_empty": "Список порівняння порожній",

    "created_by": "Інтернет-магазин створений на InSales",
    "insales_domain": "https://insales.com.ua",

    "breadcrumb_home": "Головна",

    "reviews": "Відгуки",
    "reviews_are_empty": "Залиште перший відгук!",
    "reviews_are_moderated": "Перед публікацією відгуки проходять модерацію",

    "review" : "Відгук",
    "review_is_added": "Відгук успішно відправлений",
    "review_is_added_moderated": "Відгук успішно відправлений.<br/> Він буде перевірений адміністратором перед публікацією.",

    "comments": "Коментарі",
    "comments_are_empty": "Залиште перший відгук!",
    "comments_are_moderated": "Перед публікацією відгуки проходять модерацію",

    "comment" : "Коментарі",
    "comment_add": "Добавити коментар",
    "comment_is_added": "Коментар успішно відправлений",
    "comment_is_added_moderated": "Відгук успішно відправлений.<br/> Він буде перевірений адміністратором перед публікацією.",

    "fields_are_required": "Всі поля обов'язкові для заповнення",
    "fields_are_incorrect": "Наступні поля заповнені невірно",

    "field_name": "Им'я",
    "field_email": "E-mail",
    "field_comment": "Коментар",
    "field_phone": "Телефон",
    "field_review": "Відгук",
    "field_message": "Повидомлення",
    "field_captcha": "Капча",
    "field_rating": "Оцінка",
    "field_photo": "Фотографія",

    "text_quan": "Кількість",
    "button_submit": "Відправити",
    "button_checkout": "Оформити замовлення",
    "button_more": "Детальніше",
    "button_close": "Закрити",
    "button_apply": "Застосувати",
    "coupon_checkout": "Застосувати купон",
    "button_to_cart": "В кошик",
    "button_fast": "В 1 клік",
    "button_preorder": "Предзамовлення",
    "button_add_comparison": "Добавити у порівняння",
    "button_remove_comparison": "Видалити із порівняння",
    "button_review": "Залишити відгук",
    "button_remove": "Видалити",
    "button_reset_filters": "Скинути фільтри",

    "label_sort": "Сортування",
    "label_limit": "Показувати по",
    "label_product": "Товар",
    "label_product_1": "товар",
    "label_product_2": "товари",
    "label_product_3": "товарiв",
    "label_photo": "Фото",
    "label_description": "Опис",
    "label_characteristics": "Характеристики",
    "label_reviews": "Відгуки",
    "label_article": "Артикул",
    "label_title": "Найменування",
    "label_price": "Ціна",
    "label_amount": "Кількість",
    "label_total": "Сума",
    "label_remove": "Видалити",
    "label_preorder": "Замовлення товару по пошті",
    "label_filter": "Фільтр",
    "label_catalog": "Каталог",
    "label_from": "Від",
    "label_to": "До",
    "label_find": "Знайдено товарів",
    "label_new_review": "Написати відгук",

    "discount_placeholder": "Є промо-код?",
    "subtotal": "Разом",

    "show_the_same": "Показати однакові",
    "hide_the_same": "Скрити однакові",

    "related_products": "Супутні товари",
    "similar_products": "Схожі товари",

    "product_not_available": "Товар відсутній",
    "product_not_available_extended": "Товар відсутній на складі, зв'яжіться з менеджером щоб уточнити час доставки",

    "collection_frontpage": "Товари на головній",
    "collection_popular": "Популярні товари",

    "collection_filters_is_empty": "За обраними параметрами нічого не знайдено. Спробуйте вибрати інші значення.",
    "collection_is_empty": "В даному розділі поки немає товарів. Ми працюємо над цим.",

    "main_menu": "Головне меню",
    "footer_menu": "Меню у футері",

    "page_about": "О компанії",
    "page_delivery": "Доставка",
    "page_payment": "Оплата",
    "page_blog": "Блог",
    "page_contacts": "Контакти",

    "option_label": "Мітка",
    "option_label_new": "Новинка",
    "option_label_sale": "Розпродаж",

    "block_template_benefit": "Перевага",
    "block_template_slide": "Слайд",
    "block_template_social": "Соц.мережа",

    "block_list_benefits": "Переваги компанії",
    "block_benefit1": "Швидка доставка до двері",
    "block_benefit2": "Вигідні акції та бонуси",
    "block_benefit3": "Гарантії якості продукції",

    "block_list_slider": "Слайдер",
    "block_slide1": "Швидка доставка до двері",
    "block_slide2": "Вигідні акції та бонуси",
    "block_slide3": "Гарантії якості продукції",

    "block_list_contacts": "Контакти",
    "block_email": "E-mail",
    "block_phone": "Телефон",

    "block_list_social": "Соц.мережи",

    "site_name": "Назва сайту",

    "link": "Посилання",
    "title_page":" – сторінка №",
    "title_product": "– купити в інтернет-магазині, ціна, замовлення online",
    "title_collection": "– купити в інтернет-магазині за найкращою ціною",

    "image": "Забраження",

    "show": "Показати",
    "hide": "Скрити",
    "preorder": "Предзамовлення",

    "select": "оберіть",

    "sort_by_price": "по зростанню ціни",
    "sort_by_price_desc": "по зменшенню ціни",
    "sort_by_createdon": "спочатку нові",
    "sort_by_createdon_desc": "спочатку старі",
    "sort_by_title": "по назві",
    "sort_by_title_desc": "по спадаючій алфавіту",

    "after_products": "Показувати після товарів",
    "before_products": "Показувати до товарів",

    "from_settings": "З налаштувань магазину",
    "edited_block": "Редагуємій блок",

    "snippet_promo_slider": "Промо слайдер",
    "snippet_benefits": "Переваги компанії",
    "snippet_title_collections": "Підбірки товарів",
    "snippet_title_categories": "Спец.категорії",
    "snippet_news_feed": "Стрічка новин",
    "snippet_title_content": "Контент сторінки",

    "s_heading_colors": "Кольори",

    "s_autoplay_slides": "Автоплей слайдiв",
    "s_autoplay_sec": "сек",
    "s_autoplay_off": "викл",

    "s_subheading_primary_colors": "Основні кольори",
    "s_color_background_primary": "Колір фону",
    "s_color_text_primary": "Колір тексту",
    "s_color_link_primary": "Колір посилань",
    "s_color_link_primary_hover": "Посилання прі наведенні",
    "s_color_border_primary": "Колір кордонів",

    "s_subheading_adjective_colors": "Додатокові кольори",
    "s_color_background_secondary": "Колір фону",
    "s_color_text_secondary": "Колір тексту",
    "s_color_link_secondary": "Колір посилань",
    "s_color_link_secondary_hover": "Посилання при наведенні",
    "s_color_border_secondary": "Колір кордонів",

    "s_subheading_background_substrate": "Фонова підкладка",
    "s_body_background_color": "Колір фону",
    "s_body_background_use": "Використовувати зображення",
    "s_body_background_image": "Забраження",

    "s_subheading_fonts": "Шрифти",
    "s_font_family_primary": "Шрифт",
    "s_font_size_primary": "Розмір шрифта",

    "s_heading_header_and_logotype": "Шапка та логотип",

    "s_subheading_logotype": "Логотип",
    "s_logotype_type" : "Використовувати",
    "s_logotype_image" : "Загрузити логотип",
    "s_logotype_font_family" : "Шрифт логотипу",
    "s_logotype_font_size" : "Розмір шрифту логотипу",

    "s_subheading_contacts": "Контакти",
    "s_phone" : "Телефон",
    "s_email" : "E-mail",

    "s_subheading_favicon": "Іконка (favicon)",
    "s_favicon": "Зображення (.png)",

    "s_heading_footer": "Футер сайту",
    "s_social_media_hide": "Скрити соц.мережі",

    "s_heading_frontpage": "Головна сторінка",

    "s_subheading_sections": "Порядок секцій",
    "s_title_section_1": "Перша секція",
    "s_title_section_2": "Друга секція",
    "s_title_section_3": "Третя секція",
    "s_title_section_4": "Четверта секція",
    "s_title_section_5": "П'ята секція",
    "s_title_section_6": "Шоста секція",

    "s_subheading_slider": "Слайдер",
    "s_promo_slider_auto": "Автоматично гортати",
    "s_promo_slider_auto_time": "Затримка між гортанням",

    "s_subheading_special_products": "Підбірки товарів",
    "s_products_set_1_name": "Назва першої вкладки",
    "s_products_set_1_handle": "Пермалінк першої категорії",
    "s_products_set_2_name": "Назва другої вкладки",
    "s_products_set_2_handle": "Пермалінк другої категорії",
    "s_products_set_3_name": "Назва третьої вкладки",
    "s_products_set_3_handle": "Пермалінк третьої категорії",
    "s_products_set_4_name": "Назва четвертої вкладки",
    "s_products_set_4_handle": "Пермалінк четвертої категорії",

    "s_subheading_special_categories": "Спец.категорії",
    "s_special_category_1_name": "Назва категорії 1",
    "s_special_category_1_handle": "Пермалінк категорії 1",
    "s_special_category_2_name": "Назва категорії 2",
    "s_special_category_2_handle": "Пермалінк категорії 2",
    "s_special_category_3_name": "Назва категорії 3",
    "s_special_category_3_handle": "Пермалінк категорії 3",
    "s_special_category_4_name": "Назва категорії 4",
    "s_special_category_4_handle": "Пермалінк категорії 4",

    "s_heading_collection": "Сторінка каталогу товарів",

    "s_cards_background_hide": "Вимкнути фон превью",
    "s_cards_crop_off": "Відключити обрізання фото",
    "s_cards_introtext_hide": "Приховати опис картки",
    "s_category_description_position": "Опис категорії",

    "s_heading_product": "Сторінка товару",

    "s_subheading_buy_button": "Кнопка \"купити\"",
    "s_product_not_available": "Якщо нульовий залишок",

    "s_subheading_adjective_settings": "Дод.налаштування",
    "s_product_share_hide": "Приховати блок \"Поділитися\"",
    "s_product_compare_hide": "Приховати порівняння товарів",
    "s_product_not_available_hide": "Приховати повідомлення про відсутність",

    "s_heading_blog": "Блог та статті",
    "s_article_author_hide": "Приховати автора статті",
    "s_article_image_hide": "Приховати фото статті",
    "art_prod_title": "Товари до статті",

    "product_added_to_cart": "Товар доданий до кошику",
    "product_removed_from_cart": "Товар вилучений з кошика",
    "product_added_to_comparison": "Товар доданий до порівняння",
    "product_removed_from_comparison": "Товар вилучений з порівняння",
    "maximum_number_of_comparable": "Досягнуто максимальну кількість порівнюваних товарів",
    "comparison_is_empty": "Список порівняння порожній",
    "image_not_uploaded": "Зображення не було завантажено",

    "page_404": "<h2>Доброго дня!</h2><p>Ласкаво просимо на «сторінку 404» вашого сайту.</p><p>На жаль, введена Вами адреса недоступна. Цьому може буте декілька пояснень:</p><ul><li>Сторінка видалена (через втрату актуальності інформації)</li><li>Сторінка перенесена у інше місце</li><li>Можливо, при введенні адреси була пропущена якась буква (насправді, у нас самих так часто виходить)</li></ul>",

    "s_instagram_label": "Instagram",
    "s_instagram_block_title": "Текст блоку",
    "s_instagram_link": "Посилання на інстаграм",
    "s_instagram_token": "Токен",
    "s_instagram_token_help": "Примітка: instagram аккаунт повинен бути відкритим",

    "s_header": "Шапка",
    "s_header_menu": "Меню: назва в шаблоні",
    "s_header_help": "Щоб змінити меню, потрібно ввесті його пермалінк (Бек офіс - Контент - Меню та сторінки - необхідне меню - назва в шаблоні)",
    "s_show_search": "Показувати пошук",
    "s_show_basket": "Показувати кошик",
    "s_show_cabinet": "Показувати приватний кабінет",
    "s_footer_name": "Підвал",
    "s_footer_menu": "Меню: назва в шаблоні",
    "s_footer_change": "Щоб поміняти меню, потрібно ввести його пермалінк (Бек офіс - Контент - Меню і сторінки - необхідне меню - назва в шаблоні)",
    "s_logos-payment": "Лого варіантів оплати",
    "s_on": "Увімкнути",
    "s_on_index": "Увімкнути на головній сторінці",
    "s_on_another": "Увімкнути на інших сторінках",
    "s_collection_title": "Каталог",
    "s_product_title": "Картка товару",
    "s_product_zoom": "Фотогалерея, варіант виведення:",
    "s_product_superzoom_circle": "Кругла лупа",
    "s_product_superzoom_square": "Квадратна лупа",
    "s_product_popup": "Спливаюче вікно",
    "s_product_variants": "Властивості товару, варіант виведення:",
    "s_product_button": "Кнопками",
    "s_product_select": "Випадаючими списками",
    "s_product_description": "У товару можуть бути властивості (варіанти), які <a target=\"_blank\" href=\"https://www.insales.ru/collection/doc-products/product/kak-nastroit-vybor-razmera-ili-vesa-pokupatelem-na-stranitse-tovara-v-magazine\">налаштовуються</a> в бек офісі у кожного товару індивідуально.",
    "s_blog_article": "Блог, стаття",
    "s_blog": "Блог",
    "s_blog_show": "Виводити статті з ...",
    "s_same_height": "... однаковими висотами",
    "s_dif_height": "... різними висотами",
    "s_article_descrition": "Звертаємо вашу увагу, що черговість виведення статей з різними висотами йде не зліва-направо, а зверху-вниз. Якщо такий варіант вам не підходить, то пропонуємо зупинитися на варіанті з однаковими висотами.",
    "s_articles_by": "Кількість статей на сторінці",
    "s_another_settings": "Інші налаштування",
    "s_logo_image": "Логотип - картинка",
    "s_for_header": "для шапки",
    "s_for_footer": "для підвалу",
    "s_use_same_logo": "Використовувати один логотип для шапки та підвалу (завантажувати у лого для шапки)",
    "s_logo_text": "Логотип - текст",
    "s_exterior": "Зовнішній вигляд",
    "s_help": "Порада: якщо налаштовуєте світлий (темний) фон, то робіть темними (світлими) текст, посилання і фон кнопки, однак колір тексту кнопки налаштовуйте світлим (темним). <br> <br> Головне, щоб світлі і темні кольори контрастували один щодо одного.",
    "s_main_colors": "Основні кольори",
    "s_more_colors": "Додаткові кольори",
    "s_color_bg": "Колір фону кнопки",
    "s_color_button": "Колір тексту кнопки",
    "s_color_spec": "Спец. колір",
    "s_color_spec_2": "Спец. колір 2",
    "s_color_bg_content": "Фон контенту",
    "s_default": "За замовчуванням",
    "s_default_small": "за замовчуванням",
    "s_to_tile": "Замостити",
    "s_to_stretch": "Розтягнути",
    "s2_slider": "Слайдер",
    "s2_image": "Зображення",
    "s2_text": "Текст посилання",
    "s2_link": "Посилання",
    "s2_content": "Контент",
    "s2_heading": "Назва",
    "s2_about": "Про нас (зображення зліва)",
    "s2_reviews": "Відгуки покупців",
    "s2_about_2": "Про нас (зображення на фоні)",
    "s2_index_products": "Товари на головній",
    "s2_shops": "Магазини",
    "s2_slider_title": "Безкоштовний шаблон для InSales",
    "s2_slider_description": "Велика колекція футболок",
    "s2_button_text": "Детальніше",
    "s2_slider_title_2": "Слайд без посилання",
    "s2_button_description_2": "Достатньо просто не вказувати посилання",
    "s2_about_title": "Ми створюємо універсальну моду",
    "s2_about_description": "В нашому одязі приємно ходити у любу погоду. Вона буде захищати вас від погодних умов. А також вона підніме настрій м'якими матеріалами і приємним кольором. Ніхто не залишиться байдужим до нашої одежі.",
    "s2_about_button_text": "дивитися",
    "s2_review_1": "Відгук 1",
    "s2_review_name": "Ірина, 29 років",
    "s2_review_description": "Це прекрасний магазин. Тут есь одяг сідає ідеально. Раджу всім своїм подругам і друзям. Замовляю у вас вже не перший рік. Дякую",
    "s2_review_2": "Відгук 2",
    "s2_review_name_2": "Дмитро, 18років",
    "s2_review_description_2": "Все подобається, почіная з доставкі та закінчуя кліентським сервісом. Буду вашім постійним покупцем.",
    "s2_review_3": "Відгук 3",
    "s2_review_name_3": "Андрій, 27 років",
    "s2_review_description_3": "Це я робив цей шаблон. Він гарний та стильний: одним словом, іміджевий. Googlepagespeed та W3C дивилися, алевисоких результатів від нього ждати не треба.",
    "s2_index_products": "Товари на головній",
    "s2_shop_1": "Магазин 1",
    "s2_shop_1_a": "м. Дніпро",
    "s2_shop_2": "Магазин 2",
    "s2_shop_2_a": "м. Арсенальна",
    "s2_shop_3": "Магазин 3",
    "s2_shop_3_a": "м. Харківська",
    "t_backcall": "Зворотній дзвінок",
    "t_feedback": "Зворотній зв'язок",
    "t_search": "Пошук",
    "t_basket": "Корзина",
    "t_account": "Aкаунт",

    "js_label_article": "арт.",
    "js_available": "Є в наявності",
    "js_notAvailable": "Немає в наявності",
    "js_quantityEnds": "Закінчується",
    "js_quantityAlot": "Багато",
    "js_quantityNotAvailable": "Немає в наявності",
    "collection_filter_on": "Увімкнути фільтрацію товарів",
    "collection_sort_on": "Увімкнути сортировку товарів",
    "collection_page_size_on": "Увімкнути вибір кількості товарів",
    "collection_count": "Кількість товарів в категорії",
    "s_pers": "Погоджуюся з обробкою персональних даних",
    "we_in": "Ми в",
    "prod_economy" : "Економія",
    "successReviewSend": "Форма Успішно відправлена! Ваш відгук скоро буде опублікований",
    "feedback_sent": "Відправлено зі сторінки",

    "error_from": "Поле e-mail має невірне значення",
    "error_phone": "Вкажіть номер в міжнародному форматі",
    "error_name": "Не заповнене поле Ім'я",
    "error_subject": "Не заповнене поле тема повідомлення",
    "error_agree": "Необхідно прийняти умови передачі інформації",
    "error_content": "Не заповнене поле текст повідомлення",

    "success_success": "Повідомлення успішно відправлено!",
    "success_fail": "Повідомлення не відправлене, спробуйте ще раз!",
    "success_error": "Невірно заповнені поля!",

    "feedback_name": "не заповнено",
    "feedback_phone": "не заповнено",
    "feedback_subject": "Заказ зворотнього дзвінка.",
    "feedback_content": "Заказ зворотнього дзвінка.",
    "header_logo_width": "Логотип з нового рядка",

    "collection_description_on": "Увімкнути повний опис",
    "collection_description_place": "Розташування повного опису",
    "collection_before": "до товарів",
    "collection_after": "після товарів",
    "collection_short_description_on": "Увімкнути додатковий опис",
    "collection_short_description_place": "Розташування додаткового опису",
    "collection_collection_image_on": "ВУвімкнути зображення категорії"

  }
}
