{
  "common_js_version": "v2",
  "current": "custom",
  "presets": {
    "custom": {
      "logotype_type": "image",
      "logotype_use_both": "1",
      "logotype_font_family": "Open Sans Condensed",
      "logotype_font_size": "20px",
      "header_menu_permalink": "main-menu",
      "header_search_on": "1",
      "header_cabinet_on": "1",
      "footer_menu_permalink": "footer-menu",
      "buy-var-1_on": "1",
      "buy-var-2_on": "1",
      "buy-var-3_on": "1",
      "buy-var-4_on": "1",
      "promo_slider_autoplay": "10000",
      "instagram_link": "https://instagram.com/demosimpleshop",
      "instagram_title": "Подпишись на наш аккаунт и будь всегда в курсе акций, распродаж и скидок. При подписке на наш аккаунт получи скидку в нашем магазине.",
      "collection_filter_on": "1",
      "collection_sort_on": "1",
      "collection_page_size_on": "1",
      "collection_description_on": "1",
      "collection_description_place": "after",
      "collection_short_description_place": "before",
      "collection_collection_image_on": "1",
      "collection_count": "96",
      "product_img": "150%",
      "product_zoom": "superzoom_circle",
      "product_variants": "option-span",
      "blog_mansonry": "off",
      "blog_count": "18",
      "vk": "https://www.vk.com",
      "twitter": "https://www.twitter.com",
      "facebook": "https://www.fb.com",
      "instagram": "https://www.instagram.com",
      "odnoklassniki": "https://www.ok.ru",
      "mask_use": "1",
      "mask_code": "+7",
      "color_p1_bg": "#000000",
      "color_p1_text": "#ffc9cb",
      "color_p1_link": "#313131",
      "color_p1_button_bg": "#000000",
      "color_p1_button_text": "#ffffff",
      "color_p1_special": "#ffd8e6",
      "color_p1_special_2": "#ffffff",
      "color_p2_bg": "#000000",
      "color_p2_text": "#ffc9cb",
      "color_p2_link": "#313131",
      "color_p2_button_bg": "#ffe8da",
      "color_p2_button_text": "#313131",
      "color_p2_special": "#ffe8da",
      "color_p2_special_2": "#9f0039",
      "color_bg_content": "#ffffff",
      "color_bg_all": "#ffffff",
      "font_family": "Comfortaa",
      "font_size": "16px",
      "_settings_version": 1596153520.7628186
    }
  },
  "remote_theme_id": 424,
  "source_account_id": null,
  "theme_title": "Simple COPY"
}